{"cameraMode":{"drawMode":0,"name":"Shaded","section":"Shading Mode"},"sceneLighting":false,"audioPlay":false,"sceneViewState":{"m_AlwaysRefresh":false,"showFog":true,"showSkybox":false,"showFlares":true,"showImageEffects":true,"showParticleSystems":true,"showVisualEffectGraphs":true,"m_FxEnabled":true},"in2DMode":false,"pivot":{"x":454.4827575683594,"y":1878.0616455078125,"z":-717.8973999023438},"rotation":{"x":-0.022509904578328134,"y":0.14562885463237763,"z":-0.003662938019260764,"w":-0.9891843795776367},"size":21.823715209960939,"orthographic":false}