{"cameraMode":{"drawMode":0,"name":"Shaded","section":"Shading Mode"},"sceneLighting":false,"audioPlay":false,"sceneViewState":{"m_AlwaysRefresh":false,"showFog":true,"showSkybox":false,"showFlares":true,"showImageEffects":true,"showParticleSystems":true,"showVisualEffectGraphs":true,"m_FxEnabled":true},"in2DMode":false,"pivot":{"x":139.55682373046876,"y":2.117086410522461,"z":159.38201904296876},"rotation":{"x":0.15825994312763215,"y":-0.13726145029067994,"z":0.022221434861421586,"w":0.9775606393814087},"size":169.8400115966797,"orthographic":true}